{"stat.cakeSlicesEaten":4,"stat.useItem.minecraft.bow":1,"stat.pickup.minecraft.bone":1,"stat.pickup.minecraft.wooden_slab":1,"stat.useItem.minecraft.iron_axe":17,"stat.leaveGame":5,"stat.pickup.minecraft.leather_chestplate":1,"stat.mineBlock.minecraft.sandstone":1,"stat.swimOneCm":2449,"stat.climbOneCm":2375,"stat.useItem.minecraft.planks":50,"stat.mineBlock.midnight.nightstone":2,"stat.useItem.minecraft.stone_slab2":16,"stat.pickup.idk.blockoftannedramie":1,"stat.useItem.minecraft.egg":3,"stat.craftItem.minecraft.stone_axe":1,"stat.craftItem.minecraft.spruce_boat":1,"stat.craftItem.minecraft.stone_pickaxe":1,"stat.pickup.minecraft.cobblestone":8,"stat.mineBlock.minecraft.wooden_slab":1,"stat.mineBlock.minecraft.carpet":1,"stat.flyOneCm":73309,"stat.pickup.minecraft.sandstone":1,"stat.pickup.minecraft.glass_bottle":1,"stat.killEntity.moobloom":1,"stat.timeSinceDeath":10146,"stat.hopperInspected":1,"stat.craftItem.minecraft.wooden_pickaxe":1,"stat.killEntity.midnight.rifter":1,"stat.drop.minecraft.iron_bars":2,"stat.pickup.minecraft.stonebrick":2,"stat.pickup.exoticbirds.mystery_egg":1,"stat.furnaceInteraction":3,"stat.pickup.minecraft.carpet":1,"stat.entityKilledBy.Skeleton":1,"stat.pickup.minecraft.leather_helmet":1,"stat.useItem.minecraft.written_book":2,"stat.killEntity.exoticbirds.kiwi":4,"stat.sprintOneCm":63581,"stat.pickup.minecraft.iron_chestplate":1,"stat.craftItem.minecraft.stick":12,"stat.entityKilledBy.midnight.hunter":1,"stat.mineBlock.minecraft.crafting_table":1,"stat.deaths":4,"stat.mineBlock.minecraft.planks":12,"stat.drop":6,"stat.pickup.minecraft.egg":3,"stat.playOneMinute":57304,"stat.pickup.minecraft.iron_bars":10,"stat.drop.minecraft.glass_bottle":2,"stat.pickup.midnight.nightstone":2,"stat.mineBlock.idk.blockoftannedramie":1,"stat.mineBlock.minecraft.tallgrass":2,"stat.diveOneCm":7772,"stat.chestOpened":24,"stat.pickup.minecraft.arrow":6,"stat.useItem.minecraft.apple":4,"stat.useItem.minecraft.potion":1,"stat.drop.minecraft.sandstone":1,"stat.jump":649,"stat.fallOneCm":13759,"stat.useItem.minecraft.stone_axe":45,"stat.crouchOneCm":4149,"stat.craftItem.minecraft.chest":2,"stat.craftItem.minecraft.torch":16,"stat.pickup.minecraft.dirt":2,"stat.craftingTableInteraction":4,"stat.boatOneCm":210824,"stat.mineBlock.minecraft.iron_bars":10,"stat.damageTaken":1573,"stat.useItem.minecraft.wooden_pickaxe":11,"stat.dispenserInspected":6,"stat.pickup.minecraft.planks":36,"stat.useItem.minecraft.stone_pickaxe":19,"stat.pickup.exoticbirds.birdmeat":4,"stat.damageDealt":1781,"stat.sleepInBed":4,"stat.killEntity.midnight_chicken":1,"stat.mineBlock.minecraft.dirt":2,"stat.drop.minecraft.stick":2,"stat.useItem.minecraft.iron_bars":3,"stat.pickup.minecraft.boat":2,"stat.walkOneCm":170210,"stat.useItem.minecraft.torch":27,"stat.playerKills":1,"stat.useItem.minecraft.chest":1,"stat.pickup.minecraft.stick":4,"stat.pickup.minecraft.crafting_table":1,"stat.useItem.minecraft.cobblestone":11,"stat.craftItem.minecraft.crafting_table":3,"stat.useItem.exoticbirds.magpie_egg":1,"stat.useItem.minecraft.spruce_boat":1,"stat.craftItem.minecraft.boat":3,"stat.pickup.minecraft.log":45,"stat.useItem.minecraft.cooked_fish":6,"stat.killEntity.albino_cow":2,"stat.pickup.minecraft.apple":1,"stat.useItem.minecraft.fireworks":62,"stat.killEntity.Skeleton":3,"stat.mineBlock.minecraft.stonebrick":2,"stat.craftItem.minecraft.planks":124,"stat.useItem.minecraft.iron_sword":22,"stat.mobKills":13,"stat.mineBlock.minecraft.log":46,"stat.useItem.minecraft.boat":4,"stat.mineBlock.minecraft.leaves":7,"stat.pickup.minecraft.torch":2,"stat.sneakTime":944,"stat.pickup.exoticbirds.magpie_egg":1,"stat.mineBlock.minecraft.stone":8}