{"stat.chestOpened":5,"stat.walkOneCm":49431,"stat.mineBlock.minecraft.iron_bars":1,"stat.craftItem.minecraft.planks":20,"stat.useItem.minecraft.egg":3,"stat.drop.minecraft.wooden_pickaxe":1,"stat.craftItem.minecraft.stone_axe":1,"stat.mineBlock.minecraft.cobblestone":3,"stat.pickup.minecraft.crafting_table":2,"stat.mineBlock.minecraft.crafting_table":2,"stat.damageTaken":20,"stat.craftItem.minecraft.crafting_table":1,"stat.pickup.minecraft.bread":2,"stat.craftItem.minecraft.stone_pickaxe":1,"stat.useItem.minecraft.wooden_pickaxe":6,"stat.pickup.minecraft.cobblestone":8,"stat.mineBlock.minecraft.coal_ore":10,"stat.mineBlock.minecraft.log":30,"stat.pickup.minecraft.log":30,"stat.flyOneCm":30038,"stat.drop":1,"stat.jump":194,"stat.pickup.minecraft.egg":3,"stat.mineBlock.minecraft.leaves":17,"stat.playOneMinute":16569,"stat.pickup.minecraft.coal":9,"stat.fallOneCm":5714,"stat.climbOneCm":436,"stat.useItem.minecraft.stone_pickaxe":13,"stat.sneakTime":236,"stat.useItem.minecraft.stone_axe":44,"stat.crouchOneCm":631,"stat.timeSinceDeath":16569,"stat.pickup.minecraft.iron_bars":2,"stat.craftItem.minecraft.torch":12,"stat.pickup.minecraft.sapling":3,"stat.sprintOneCm":21660,"stat.useItem.minecraft.stone_slab2":5,"stat.craftItem.minecraft.wooden_pickaxe":1,"stat.mineBlock.minecraft.stone":5,"stat.craftItem.minecraft.stick":8,"stat.craftingTableInteraction":4}