{"stat.walkOneCm":9929,"stat.craftItem.minecraft.planks":20,"stat.useItem.minecraft.egg":1,"stat.craftItem.minecraft.stone_axe":1,"stat.mineBlock.minecraft.cobblestone":3,"stat.pickup.minecraft.crafting_table":1,"stat.mineBlock.minecraft.crafting_table":1,"stat.craftItem.minecraft.crafting_table":1,"stat.useItem.minecraft.wooden_pickaxe":3,"stat.pickup.minecraft.cobblestone":3,"stat.mineBlock.minecraft.log":5,"stat.pickup.minecraft.log":5,"stat.flyOneCm":11891,"stat.jump":69,"stat.pickup.minecraft.egg":1,"stat.playOneMinute":3969,"stat.fallOneCm":2348,"stat.sneakTime":9,"stat.useItem.minecraft.stone_axe":1,"stat.crouchOneCm":30,"stat.timeSinceDeath":3969,"stat.sprintOneCm":4818,"stat.useItem.minecraft.stone_slab2":1,"stat.craftItem.minecraft.wooden_pickaxe":1,"stat.craftItem.minecraft.stick":4,"stat.craftingTableInteraction":3}