{"stat.chestOpened":5,"stat.useItem.minecraft.iron_bars":1,"stat.walkOneCm":63596,"stat.useItem.minecraft.torch":11,"stat.drop.minecraft.wooden_pickaxe":1,"stat.leaveGame":1,"stat.mineBlock.minecraft.cobblestone":3,"stat.pickup.minecraft.crafting_table":3,"stat.craftItem.minecraft.crafting_table":1,"stat.furnaceInteraction":2,"stat.mineBlock.minecraft.coal_ore":32,"stat.pickup.minecraft.log":30,"stat.jump":237,"stat.pickup.minecraft.coal":32,"stat.fallOneCm":6825,"stat.climbOneCm":436,"stat.pickup.minecraft.furnace":1,"stat.useItem.minecraft.stone_axe":45,"stat.craftItem.minecraft.stone_slab2":0,"stat.crouchOneCm":674,"stat.pickup.caves_and_cliffs.copper_ore":6,"stat.craftItem.minecraft.torch":28,"stat.craftItem.minecraft.iron_ingot":3,"stat.pickup.minecraft.sapling":3,"stat.sprintOneCm":27708,"stat.useItem.minecraft.stone_slab2":9,"stat.craftItem.minecraft.stick":16,"stat.craftingTableInteraction":7,"stat.pickup.minecraft.iron_ore":14,"stat.craftItem.minecraft.furnace":1,"stat.mineBlock.minecraft.iron_bars":1,"stat.craftItem.minecraft.planks":20,"stat.useItem.minecraft.egg":3,"stat.craftItem.minecraft.stone_axe":1,"stat.mineBlock.minecraft.crafting_table":3,"stat.damageTaken":20,"stat.pickup.minecraft.bread":2,"stat.craftItem.minecraft.stone_pickaxe":1,"stat.mineBlock.minecraft.furnace":1,"stat.useItem.minecraft.wooden_pickaxe":6,"stat.pickup.minecraft.cobblestone":31,"stat.mineBlock.minecraft.log":30,"stat.mineBlock.caves_and_cliffs.copper_ore":6,"stat.flyOneCm":33871,"stat.drop":2,"stat.pickup.minecraft.egg":3,"stat.mineBlock.minecraft.leaves":17,"stat.playOneMinute":22442,"stat.useItem.minecraft.stone_pickaxe":37,"stat.sneakTime":244,"stat.craftItem.minecraft.iron_pickaxe":1,"stat.mineBlock.minecraft.iron_ore":14,"stat.timeSinceDeath":22442,"stat.pickup.minecraft.iron_bars":2,"stat.drop.minecraft.torch":1,"stat.useItem.minecraft.iron_pickaxe":43,"stat.craftItem.minecraft.wooden_pickaxe":1,"stat.mineBlock.minecraft.stone":28}