{"stat.chestOpened":26,"stat.mineBlock.minecraft.mossy_cobblestone":1,"stat.mineBlock.midnight.shadowroot_crafting_table":1,"stat.leaveGame":2,"stat.mineBlock.minecraft.cobblestone":12,"stat.craftItem.minecraft.cooked_porkchop":16,"stat.craftItem.minecraft.coal":21,"stat.mineBlock.minecraft.gold_block":1,"stat.jump":636,"stat.swimOneCm":7206,"stat.pickup.minecraft.coal":10,"stat.fallOneCm":14300,"stat.useItem.minecraft.planks":1,"stat.climbOneCm":645,"stat.mineBlock.midnight.tall_midnight_grass":2,"stat.craftItem.midnight.dark_stick":8,"stat.pickup.minecraft.cooked_porkchop":9,"stat.pickup.minecraft.glowstone_dust":3,"stat.pickup.minecraft.porkchop":24,"stat.mineBlock.midnight.nightstone":412,"stat.crouchOneCm":2513,"stat.craftItem.minecraft.torch":12,"stat.craftItem.minecraft.iron_ingot":3,"stat.mineBlock.midnight.dark_willow_log":6,"stat.useItem.minecraft.stone_slab2":16,"stat.useItem.midnight.nightstone_axe":10,"stat.craftingTableInteraction":4,"stat.mineBlock.midnight.ghost_plant":2,"stat.drop.midnight.nightstone_axe":2,"stat.useItem.midnight.shadowroot_planks":1,"stat.mineBlock.minecraft.iron_bars":8,"stat.pickup.minecraft_earth_mod.buttercup":1,"stat.mineBlock.midnight.midnight_dirt":30,"stat.mineBlock.minecraft.log2":1,"stat.damageTaken":1147,"stat.mineBlock.minecraft.red_flower":1,"stat.craftItem.minecraft.stone_pickaxe":2,"stat.mineBlock.minecraft.torch":3,"stat.dispenserInspected":1,"stat.pickup.minecraft.cobblestone":32,"stat.pickup.minecraft.gold_block":1,"stat.pickup.midnight.shadowroot_log":1,"stat.flyOneCm":83422,"stat.mineBlock.minecraft_earth_mod.buttercup":1,"stat.mineBlock.minecraft.emerald_block":3,"stat.pickup.minecraft.wheat_seeds":2,"stat.mineBlock.theabyss.loranflower":8,"stat.pickup.minecraft.quartz_block":5,"stat.pickup.minecraft.emerald_block":3,"stat.craftItem.midnight.nightstone_axe":1,"stat.mineBlock.minecraft.gravel":1,"stat.useItem.minecraft.stone_pickaxe":140,"stat.craftItem.midnight.cook_suavis":1,"stat.pickup.midnight.nightstone_axe":2,"stat.damageDealt":560,"stat.useItem.midnight.nightstone":101,"stat.timeSinceDeath":55698,"stat.pickup.midnight.dark_willow_log":6,"stat.craftItem.midnight.nightstone_pickaxe":2,"stat.useItem.minecraft.iron_pickaxe":57,"stat.pickup.midnight.raw_suavis":1,"stat.mineBlock.midnight.double_midnight_grass":2,"stat.walkOneCm":207837,"stat.mineBlock.midnight.shadowroot_log":1,"stat.drop.minecraft.iron_bars":1,"stat.mineBlock.minecraft.coal_block":2,"stat.pickup.minecraft.crafting_table":1,"stat.pickup.minecraft.stonebrick":16,"stat.useItem.minecraft.cobblestone":4,"stat.craftItem.minecraft.crafting_table":1,"stat.pickup.exoticbirds.robin_egg":1,"stat.furnaceInteraction":19,"stat.mineBlock.minecraft.double_plant":1,"stat.useItem.minecraft.cooked_porkchop":3,"stat.useItem.midnight.cook_suavis":1,"stat.pickup.midnight.ghost_plant":2,"stat.useItem.midnight.midnight_dirt":8,"stat.mineBlock.minecraft.nether_brick":2,"stat.pickup.minecraft.log":8,"stat.pickup.minecraft.string":2,"stat.craftItem.midnight.dark_willow_planks":16,"stat.pickup.theabyss.abyssloranitem":7,"stat.useItem.midnight.nightstone_pickaxe":300,"stat.craftItem.minecraft.stone_slab2":0,"stat.craftItem.minecraft.gold_ingot":9,"stat.pickup.minecraft.chicken":1,"stat.craftItem.midnight.midnight_furnace":1,"stat.pickup.minecraft.sapling":3,"stat.pickup.minecraft.ender_pearl":6,"stat.sprintOneCm":47755,"stat.mineBlock.midnight.midnight_grass":5,"stat.useItem.exoticbirds.robin_egg":1,"stat.craftItem.midnight.nightstone_sword":1,"stat.useItem.minecraft.fireworks":25,"stat.craftItem.minecraft.stick":12,"stat.pickup.minecraft.coal_block":2,"stat.craftItem.midnight.shadowroot_planks":4,"stat.mineBlock.minecraft.stonebrick":14,"stat.craftItem.minecraft.planks":12,"stat.killEntity.Chicken":1,"stat.mineBlock.minecraft.crafting_table":1,"stat.mineBlock.minecraft.quartz_block":10,"stat.craftItem.midnight.dark_willow_slab":12,"stat.pickup.midnight.midnight_dirt":35,"stat.mineBlock.minecraft.glowstone":1,"stat.pickup.midnight.shadowroot_crafting_table":1,"stat.mobKills":3,"stat.mineBlock.minecraft.log":6,"stat.pickup.midnight.dark_willow_planks":3,"stat.craftItem.midnight.shadowroot_crafting_table":1,"stat.deaths":1,"stat.drop":3,"stat.pickup.minecraft.egg":1,"stat.playOneMinute":65859,"stat.pickup.minecraft.torch":6,"stat.sneakTime":1596,"stat.craftItem.minecraft.iron_pickaxe":1,"stat.useItem.midnight.nightstone_sword":9,"stat.craftItem.minecraft.emerald":27,"stat.pickup.minecraft.iron_bars":1,"stat.pickup.midnight.nightstone":413,"stat.mineBlock.minecraft.stone":11,"stat.mineBlock.minecraft.tallgrass":15,"stat.diveOneCm":3418}