{"stat.walkOneCm":19873,"stat.craftItem.minecraft.planks":8,"stat.leaveGame":1,"stat.pickup.minecraft.crafting_table":1,"stat.mineBlock.minecraft.crafting_table":1,"stat.craftItem.minecraft.crafting_table":1,"stat.craftItem.minecraft.stone_pickaxe":1,"stat.pickup.minecraft.cobblestone":15,"stat.mineBlock.minecraft.log":6,"stat.pickup.minecraft.log":8,"stat.flyOneCm":8562,"stat.pickup.minecraft.wheat_seeds":1,"stat.jump":69,"stat.playOneMinute":5946,"stat.fallOneCm":2328,"stat.useItem.minecraft.stone_pickaxe":10,"stat.sneakTime":24,"stat.crouchOneCm":104,"stat.timeSinceDeath":5946,"stat.pickup.minecraft.sapling":2,"stat.sprintOneCm":3987,"stat.useItem.minecraft.stone_slab2":1,"stat.mineBlock.minecraft.stone":10,"stat.craftItem.minecraft.stick":4,"stat.craftingTableInteraction":2}