{"stat.mineBlock.midnight.shadowroot_crafting_table":1,"stat.leaveGame":5,"stat.drop.aether.wyndberry":3,"stat.useItem.minecraft.planks":10,"stat.craftItem.midnight.dark_stick":8,"stat.pickup.minecraft.glowstone_dust":6,"stat.pickup.minecraft.porkchop":24,"stat.mineBlock.midnight.nightstone":420,"stat.useItem.midnight.nightstone_axe":10,"stat.useItem.aether.wyndberry":2,"stat.mineBlock.minecraft.stone_brick_stairs":2,"stat.mineBlock.midnight.ghost_plant":2,"stat.pickup.minecraft.sand":89,"stat.useItem.minecraft.golden_sword":117,"stat.pickup.exoticbirds.eggshell":4,"stat.pickup.minecraft.leather_boots":1,"stat.pickup.midnight.shadowroot_log":1,"stat.mineBlock.minecraft.emerald_block":3,"stat.mineBlock.minecraft.sand":84,"stat.craftItem.midnight.cook_suavis":1,"stat.useItem.midnight.nightstone":230,"stat.pickup.midnight.dark_willow_log":8,"stat.pickup.theabyss.enderbow":1,"stat.useItem.minecraft.iron_pickaxe":84,"stat.drop.theabyss.abyssicearmorarmorboots":1,"stat.furnaceInteraction":42,"stat.drop.minecraft.red_flower":2,"stat.craftItem.midnight.dark_willow_planks":16,"stat.craftItem.travelersbackpack.travelers_backpack":1,"stat.craftItem.midnight.nightstone_sword":1,"stat.mineBlock.minecraft.soul_sand":8,"stat.pickup.midnight.dark_willow_planks":3,"stat.deaths":1,"stat.pickup.minecraft.egg":1,"stat.playOneMinute":180441,"stat.craftItem.minecraft.iron_pickaxe":1,"stat.pickup.minecraft.diamond_block":1,"stat.useItem.midnight.nightstone_sword":9,"stat.drop.minecraft.chest":2,"stat.pickup.minecraft.iron_bars":1,"stat.mineBlock.minecraft.tallgrass":35,"stat.chestOpened":77,"stat.pickup.aether.brettl_cane":8,"stat.useItem.minecraft.stone":2,"stat.pickup.minecraft.arrow":4,"stat.craftItem.exoticbirds.egg_incubator":1,"stat.craftItem.minecraft.coal":21,"stat.drop.minecraft.iron_pickaxe":1,"stat.mineBlock.minecraft.gold_block":2,"stat.fallOneCm":31472,"stat.mineBlock.midnight.tall_midnight_grass":2,"stat.crouchOneCm":4511,"stat.craftItem.minecraft.diamond":9,"stat.craftItem.minecraft.iron_ingot":46,"stat.craftItem.minecraft.chest":4,"stat.craftingTableInteraction":5,"stat.useItem.midnight.shadowroot_planks":1,"stat.mineBlock.minecraft.log2":1,"stat.mineBlock.caves_and_cliffs.copper_ore":5,"stat.pickup.minecraft.planks":24,"stat.pickup.minecraft.wheat_seeds":6,"stat.mineBlock.minecraft.gravel":8,"stat.useItem.minecraft.stone_pickaxe":140,"stat.pickup.theabyss.abyssicediamond":72,"stat.drop.minecraft.stick":2,"stat.useItem.minecraft.torch":6,"stat.pickup.minecraft.crafting_table":2,"stat.useItem.minecraft.cobblestone":4,"stat.craftItem.minecraft.crafting_table":2,"stat.mineBlock.minecraft.double_plant":2,"stat.pickup.minecraft.log":18,"stat.useItem.exoticbirds.eggshell":2,"stat.useItem.midnight.nightstone_pickaxe":300,"stat.craftItem.minecraft.gold_ingot":18,"stat.mineBlock.exoticbirds.nest":1,"stat.pickup.minecraft.chicken":1,"stat.pickup.minecraft.sapling":3,"stat.useItem.exoticbirds.robin_egg":5,"stat.useItem.minecraft.fireworks":25,"stat.pickup.minecraft.coal_block":2,"stat.killEntity.aether.carrion_sprout":2,"stat.craftItem.minecraft.bucket":1,"stat.craftItem.minecraft.planks":60,"stat.mineBlock.minecraft.log":6,"stat.pickup.minecraft.red_flower":6,"stat.sneakTime":3414,"stat.drop.travelersbackpack.backpack_tank":2,"stat.pickup.minecraft.chest":1,"stat.pickup.minecraft.bone":19,"stat.drop.biomesoplenty.jar_empty":3,"stat.useItem.minecraft.iron_axe":17,"stat.pickup.exoticbirds.cooked_birdmeat":3,"stat.mineBlock.minecraft.cobblestone":12,"stat.pickup.minecraft.leather_chestplate":1,"stat.craftItem.minecraft.wool":9,"stat.useItem.exoticbirds.pelican_egg":1,"stat.swimOneCm":11608,"stat.mineBlock.minecraft.diamond_block":2,"stat.climbOneCm":1888,"stat.pickup.minecraft.cooked_porkchop":21,"stat.craftItem.theabyss.abyssicearmorarmorbody":2,"stat.craftItem.exoticbirds.nest":1,"stat.mineBlock.midnight.dark_willow_log":6,"stat.useItem.minecraft.stone_slab2":35,"stat.pickup.minecraft_earth_mod.buttercup":1,"stat.craftItem.minecraft.stone_pickaxe":2,"stat.pickup.minecraft.cobblestone":46,"stat.pickup.minecraft.gold_block":2,"stat.flyOneCm":126982,"stat.pickup.minecraft.soul_sand":8,"stat.mineBlock.theabyss.loranflower":29,"stat.mineBlock.minecraft.iron_ore":25,"stat.timeSinceDeath":170280,"stat.mineBlock.midnight.double_midnight_grass":2,"stat.craftItem.theabyss.abyssicearmorarmorhelmet":2,"stat.craftItem.theabyss.enderbow":1,"stat.mineBlock.midnight.shadowroot_log":1,"stat.drop.minecraft.iron_bars":1,"stat.mineBlock.minecraft.coal_block":2,"stat.pickup.minecraft.nether_wart":11,"stat.pickup.minecraft.stonebrick":16,"stat.pickup.exoticbirds.mystery_egg":1,"stat.pickup.exoticbirds.robin_egg":5,"stat.useItem.minecraft.cooked_porkchop":15,"stat.pickup.midnight.ghost_plant":2,"stat.useItem.midnight.midnight_dirt":8,"stat.mineBlock.minecraft.nether_brick":2,"stat.pickup.minecraft.string":36,"stat.pickup.theabyss.abyssloranitem":35,"stat.craftItem.theabyss.abyssicearmorarmorboots":2,"stat.killEntity.exoticbirds.robin":1,"stat.craftItem.minecraft.stone_slab2":0,"stat.sprintOneCm":95034,"stat.useItem.minecraft.diamond_shovel":84,"stat.craftItem.minecraft.stick":20,"stat.craftItem.midnight.shadowroot_planks":4,"stat.useItem.carryon.tile_item":1,"stat.mineBlock.minecraft.crafting_table":2,"stat.mineBlock.minecraft.quartz_block":10,"stat.useItem.minecraft.diamond_pickaxe":134,"stat.pickup.midnight.midnight_dirt":35,"stat.pickup.midnight.shadowroot_crafting_table":1,"stat.mineBlock.minecraft.planks":11,"stat.pickup.aether.wyndberry":7,"stat.drop":31,"stat.mineBlock.theabyss.abyssiceore":73,"stat.craftItem.minecraft.emerald":27,"stat.craftItem.minecraft.diamond_pickaxe":1,"stat.pickup.minecraft.golden_chestplate":1,"stat.mineBlock.aether.brettl_plant":5,"stat.craftItem.minecraft.dye":4,"stat.pickup.midnight.nightstone":547,"stat.diveOneCm":6885,"stat.craftItem.biomesoplenty.jar_empty":3,"stat.mineBlock.minecraft.mossy_cobblestone":1,"stat.craftItem.minecraft.cooked_porkchop":16,"stat.useItem.minecraft.potion":1,"stat.drop.minecraft.cooked_porkchop":11,"stat.pickup.minecraft.stone_brick_stairs":2,"stat.craftItem.travelersbackpack.backpack_tank":4,"stat.jump":1324,"stat.killEntity.SkeletonHorse":2,"stat.pickup.minecraft.coal":10,"stat.pickup.minecraft.iron_helmet":1,"stat.pickup.minecraft.spider_eye":20,"stat.craftItem.minecraft.torch":12,"stat.pickup.minecraft.dirt":1,"stat.pickup.midnight.nightstone_sword":1,"stat.pickup.minecraft.iron_ore":25,"stat.drop.midnight.nightstone_axe":2,"stat.mineBlock.minecraft.iron_bars":11,"stat.mineBlock.midnight.midnight_dirt":30,"stat.damageTaken":2379,"stat.pickup.minecraft.leather":22,"stat.mineBlock.minecraft.red_flower":7,"stat.mineBlock.minecraft.torch":3,"stat.dispenserInspected":1,"stat.pickup.minecraft.bed":1,"stat.mineBlock.minecraft_earth_mod.buttercup":1,"stat.pickup.minecraft.quartz_block":5,"stat.pickup.minecraft.emerald_block":3,"stat.craftItem.midnight.nightstone_axe":1,"stat.pickup.theabyss.abyssicearmorarmorboots":1,"stat.pickup.midnight.nightstone_axe":2,"stat.damageDealt":5098,"stat.craftItem.minecraft.glass":64,"stat.sleepInBed":4,"stat.craftItem.midnight.nightstone_pickaxe":2,"stat.pickup.midnight.raw_suavis":1,"stat.walkOneCm":567463,"stat.useItem.minecraft.chest":1,"stat.playerKills":1,"stat.pickup.minecraft.stick":2,"stat.pickup.charm.totem_of_returning":1,"stat.useItem.midnight.cook_suavis":1,"stat.drop.theabyss.enderbow":1,"stat.pickup.minecraft.stone":3,"stat.craftItem.theabyss.abyssicearmorarmorlegs":2,"stat.pickup.caves_and_cliffs.copper_ore":5,"stat.craftItem.midnight.midnight_furnace":1,"stat.pickup.minecraft.ender_pearl":6,"stat.pickup.minecraft.cooked_beef":1,"stat.mineBlock.midnight.midnight_grass":5,"stat.killEntity.Skeleton":5,"stat.craftItem.travelersbackpack.sleeping_bag_bottom":1,"stat.mineBlock.minecraft.stonebrick":17,"stat.killEntity.Chicken":1,"stat.pickup.travelersbackpack.backpack_tank":2,"stat.craftItem.midnight.dark_willow_slab":12,"stat.mineBlock.minecraft.glowstone":1,"stat.mobKills":36,"stat.craftItem.midnight.shadowroot_crafting_table":1,"stat.mineBlock.minecraft.leaves":1,"stat.pickup.minecraft.torch":7,"stat.mineBlock.minecraft.stone":29}