{"stat.walkOneCm":68055,"stat.mineBlock.midnight.shadowroot_log":1,"stat.leaveGame":2,"stat.pickup.minecraft.crafting_table":1,"stat.mineBlock.minecraft.cobblestone":2,"stat.pickup.minecraft.stonebrick":2,"stat.useItem.minecraft.cobblestone":4,"stat.craftItem.minecraft.crafting_table":1,"stat.pickup.exoticbirds.robin_egg":1,"stat.mineBlock.minecraft.double_plant":1,"stat.useItem.midnight.midnight_dirt":5,"stat.pickup.minecraft.log":8,"stat.craftItem.midnight.dark_willow_planks":12,"stat.jump":232,"stat.swimOneCm":4710,"stat.pickup.theabyss.abyssloranitem":7,"stat.fallOneCm":6342,"stat.useItem.minecraft.planks":1,"stat.craftItem.midnight.dark_stick":4,"stat.mineBlock.midnight.nightstone":7,"stat.crouchOneCm":355,"stat.pickup.minecraft.sapling":2,"stat.sprintOneCm":20505,"stat.mineBlock.midnight.dark_willow_log":3,"stat.useItem.minecraft.stone_slab2":6,"stat.mineBlock.midnight.midnight_grass":1,"stat.craftItem.minecraft.stick":4,"stat.craftingTableInteraction":2,"stat.craftItem.midnight.shadowroot_planks":4,"stat.useItem.midnight.shadowroot_planks":1,"stat.mineBlock.minecraft.stonebrick":2,"stat.craftItem.minecraft.planks":8,"stat.pickup.minecraft_earth_mod.buttercup":1,"stat.mineBlock.midnight.midnight_dirt":24,"stat.mineBlock.minecraft.crafting_table":1,"stat.damageTaken":450,"stat.craftItem.minecraft.stone_pickaxe":1,"stat.mineBlock.minecraft.red_flower":1,"stat.pickup.midnight.midnight_dirt":25,"stat.pickup.minecraft.cobblestone":17,"stat.mineBlock.minecraft.log":6,"stat.pickup.midnight.shadowroot_log":1,"stat.flyOneCm":57208,"stat.deaths":1,"stat.mineBlock.minecraft_earth_mod.buttercup":1,"stat.craftItem.midnight.shadowroot_crafting_table":1,"stat.pickup.minecraft.wheat_seeds":2,"stat.mineBlock.theabyss.loranflower":8,"stat.playOneMinute":18159,"stat.useItem.minecraft.stone_pickaxe":25,"stat.sneakTime":100,"stat.damageDealt":98,"stat.timeSinceDeath":7998,"stat.pickup.midnight.dark_willow_log":3,"stat.craftItem.midnight.nightstone_pickaxe":1,"stat.pickup.midnight.nightstone":7,"stat.mineBlock.minecraft.stone":10,"stat.mineBlock.minecraft.tallgrass":15,"stat.diveOneCm":2240}