{"stat.walkOneCm":115386,"stat.mineBlock.midnight.shadowroot_log":1,"stat.mineBlock.midnight.shadowroot_crafting_table":1,"stat.leaveGame":2,"stat.pickup.minecraft.crafting_table":1,"stat.mineBlock.minecraft.cobblestone":2,"stat.pickup.minecraft.stonebrick":2,"stat.useItem.minecraft.cobblestone":4,"stat.craftItem.minecraft.crafting_table":1,"stat.pickup.exoticbirds.robin_egg":1,"stat.furnaceInteraction":9,"stat.mineBlock.minecraft.double_plant":1,"stat.useItem.minecraft.cooked_porkchop":2,"stat.pickup.midnight.ghost_plant":1,"stat.useItem.midnight.midnight_dirt":8,"stat.craftItem.minecraft.coal":3,"stat.pickup.minecraft.log":8,"stat.craftItem.midnight.dark_willow_planks":16,"stat.jump":455,"stat.swimOneCm":4710,"stat.pickup.theabyss.abyssloranitem":7,"stat.pickup.minecraft.coal":10,"stat.fallOneCm":7027,"stat.useItem.minecraft.planks":1,"stat.mineBlock.midnight.tall_midnight_grass":2,"stat.craftItem.midnight.dark_stick":8,"stat.pickup.minecraft.cooked_porkchop":9,"stat.useItem.midnight.nightstone_pickaxe":300,"stat.craftItem.minecraft.stone_slab2":0,"stat.pickup.minecraft.porkchop":24,"stat.mineBlock.midnight.nightstone":409,"stat.crouchOneCm":364,"stat.craftItem.midnight.midnight_furnace":1,"stat.craftItem.minecraft.torch":12,"stat.pickup.minecraft.sapling":2,"stat.sprintOneCm":27629,"stat.mineBlock.midnight.dark_willow_log":6,"stat.useItem.minecraft.stone_slab2":9,"stat.useItem.midnight.nightstone_axe":6,"stat.mineBlock.midnight.midnight_grass":5,"stat.useItem.exoticbirds.robin_egg":1,"stat.craftItem.midnight.nightstone_sword":1,"stat.craftItem.minecraft.stick":8,"stat.craftingTableInteraction":2,"stat.mineBlock.midnight.ghost_plant":1,"stat.craftItem.midnight.shadowroot_planks":4,"stat.useItem.midnight.shadowroot_planks":1,"stat.mineBlock.minecraft.stonebrick":2,"stat.craftItem.minecraft.planks":12,"stat.pickup.minecraft_earth_mod.buttercup":1,"stat.mineBlock.midnight.midnight_dirt":30,"stat.mineBlock.minecraft.crafting_table":1,"stat.damageTaken":510,"stat.craftItem.minecraft.stone_pickaxe":1,"stat.mineBlock.minecraft.red_flower":1,"stat.craftItem.midnight.dark_willow_slab":12,"stat.mineBlock.minecraft.torch":1,"stat.pickup.midnight.midnight_dirt":35,"stat.pickup.midnight.shadowroot_crafting_table":1,"stat.pickup.minecraft.cobblestone":17,"stat.mineBlock.minecraft.log":6,"stat.pickup.midnight.shadowroot_log":1,"stat.flyOneCm":67037,"stat.deaths":1,"stat.mineBlock.minecraft_earth_mod.buttercup":1,"stat.craftItem.midnight.shadowroot_crafting_table":1,"stat.pickup.minecraft.wheat_seeds":2,"stat.mineBlock.theabyss.loranflower":8,"stat.playOneMinute":42459,"stat.pickup.minecraft.torch":3,"stat.craftItem.midnight.nightstone_axe":1,"stat.useItem.minecraft.stone_pickaxe":130,"stat.sneakTime":213,"stat.damageDealt":98,"stat.useItem.midnight.nightstone":7,"stat.timeSinceDeath":32298,"stat.pickup.midnight.dark_willow_log":6,"stat.craftItem.midnight.nightstone_pickaxe":2,"stat.pickup.midnight.nightstone":409,"stat.mineBlock.minecraft.stone":10,"stat.mineBlock.minecraft.tallgrass":15,"stat.mineBlock.midnight.double_midnight_grass":2,"stat.diveOneCm":2240}