{"stat.chestOpened":7,"stat.drop.midnight.raw_suavis":1,"stat.pickup.minecraft.redstone_torch":2,"stat.leaveGame":2,"stat.useItem.midnight.raw_suavis":1,"stat.pickup.minecraft.gravel":2,"stat.craftItem.minecraft.cooked_porkchop":15,"stat.mineBlock.minecraft.cobblestone":6,"stat.pickup.minecraft.flint":1,"stat.useItem.minecraft.porkchop":5,"stat.drop.minecraft.cooked_porkchop":8,"stat.mineBlock.charm.crate_sealed":1,"stat.jump":785,"stat.swimOneCm":1238,"stat.pickup.minecraft.coal":153,"stat.fallOneCm":24544,"stat.climbOneCm":539,"stat.mineBlock.midnight.tall_midnight_grass":1,"stat.drop.minecraft.cobblestone":5,"stat.pickup.minecraft.cooked_porkchop":2,"stat.pickup.minecraft.glowstone_dust":3,"stat.useItem.minecraft.stone_axe":113,"stat.pickup.minecraft.porkchop":60,"stat.mineBlock.midnight.nightstone":40,"stat.crouchOneCm":11325,"stat.craftItem.minecraft.iron_ingot":11,"stat.craftItem.minecraft.torch":20,"stat.pickup.minecraft.dirt":13,"stat.useItem.minecraft.stone_slab2":15,"stat.craftingTableInteraction":8,"stat.pickup.minecraft.iron_ore":28,"stat.craftItem.minecraft.furnace":1,"stat.mineBlock.minecraft.iron_bars":2,"stat.mineBlock.midnight.midnight_dirt":16,"stat.craftItem.minecraft.stone_axe":2,"stat.damageTaken":1072,"stat.craftItem.minecraft.stone_pickaxe":2,"stat.mineBlock.minecraft.furnace":2,"stat.mineBlock.minecraft.torch":1,"stat.useItem.minecraft.wooden_pickaxe":117,"stat.dispenserInspected":2,"stat.pickup.minecraft.cobblestone":136,"stat.mineBlock.caves_and_cliffs.copper_ore":5,"stat.pickup.minecraft.planks":1,"stat.killEntity.pale_pig":1,"stat.flyOneCm":141769,"stat.pickup.minecraft.wheat_seeds":7,"stat.mineBlock.theabyss.loranflower":4,"stat.killEntity.Witch":1,"stat.drop.minecraft.wheat_seeds":1,"stat.mineBlock.minecraft.gravel":2,"stat.useItem.minecraft.stone_pickaxe":137,"stat.damageDealt":4715,"stat.pickup.minecraft.redstone":2,"stat.mineBlock.minecraft.iron_ore":28,"stat.useItem.midnight.nightstone":23,"stat.timeSinceDeath":42214,"stat.drop.minecraft.log":2,"stat.mineBlock.minecraft.dirt":13,"stat.useItem.minecraft.iron_pickaxe":80,"stat.pickup.minecraft.stained_hardened_clay":4,"stat.craftItem.minecraft.wooden_pickaxe":2,"stat.killEntity.Pig":23,"stat.pickup.midnight.raw_suavis":2,"stat.killEntity.midnight.rifter":1,"stat.pickup.minecraft.flint_and_steel":1,"stat.walkOneCm":180148,"stat.useItem.minecraft.torch":8,"stat.mineBlock.minecraft.vine":2,"stat.pickup.minecraft.crafting_table":5,"stat.craftItem.minecraft.crafting_table":2,"stat.furnaceInteraction":20,"stat.pickup.midnight.dark_willow_slab":11,"stat.pickup.charm.totem_of_returning":1,"stat.mineBlock.minecraft.double_plant":1,"stat.useItem.minecraft.cooked_porkchop":5,"stat.mineBlock.minecraft.coal_ore":88,"stat.useItem.midnight.midnight_dirt":12,"stat.killEntity.amber_chicken":2,"stat.pickup.endreborn.item_end_essence":1,"stat.pickup.minecraft.log":44,"stat.pickup.minecraft.string":4,"stat.pickup.midnight.midnight_furnace":1,"stat.pickup.theabyss.abyssloranitem":6,"stat.pickup.minecraft.furnace":2,"stat.craftItem.minecraft.stone_slab2":0,"stat.drop.minecraft.sapling":1,"stat.pickup.caves_and_cliffs.copper_ore":5,"stat.pickup.minecraft.sapling":2,"stat.mineBlock.minecraft.stained_hardened_clay":3,"stat.sprintOneCm":61397,"stat.useItem.minecraft.redstone_ore":1,"stat.mineBlock.midnight.midnight_grass":1,"stat.craftItem.minecraft.stick":20,"stat.craftItem.minecraft.planks":40,"stat.mineBlock.minecraft.redstone_torch":1,"stat.mineBlock.minecraft.crafting_table":5,"stat.pickup.midnight.midnight_dirt":14,"stat.mineBlock.minecraft.glowstone":1,"stat.mobKills":36,"stat.pickup.minecraft.emerald":5,"stat.mineBlock.minecraft.log":44,"stat.drop.midnight.nightstone":1,"stat.mineBlock.midnight.suavis":1,"stat.deaths":1,"stat.drop":19,"stat.mineBlock.minecraft.leaves":13,"stat.playOneMinute":62303,"stat.pickup.minecraft.torch":2,"stat.sneakTime":2904,"stat.craftItem.minecraft.iron_pickaxe":1,"stat.pickup.minecraft.golden_chestplate":1,"stat.pickup.minecraft.iron_bars":1,"stat.pickup.midnight.nightstone":40,"stat.mineBlock.minecraft.stone":135,"stat.mineBlock.minecraft.tallgrass":20,"stat.diveOneCm":1854}