{"stat.drop.midnight.raw_suavis":1,"stat.leaveGame":2,"stat.useItem.midnight.raw_suavis":1,"stat.craftItem.minecraft.cooked_porkchop":15,"stat.mineBlock.minecraft.cobblestone":1,"stat.pickup.minecraft.flint":1,"stat.useItem.minecraft.porkchop":5,"stat.drop.minecraft.cooked_porkchop":8,"stat.jump":699,"stat.swimOneCm":1238,"stat.pickup.minecraft.coal":46,"stat.fallOneCm":23106,"stat.climbOneCm":539,"stat.mineBlock.midnight.tall_midnight_grass":1,"stat.drop.minecraft.cobblestone":5,"stat.pickup.minecraft.cooked_porkchop":2,"stat.useItem.minecraft.stone_axe":111,"stat.pickup.minecraft.porkchop":60,"stat.mineBlock.midnight.nightstone":40,"stat.crouchOneCm":9900,"stat.craftItem.minecraft.iron_ingot":11,"stat.useItem.minecraft.stone_slab2":12,"stat.craftingTableInteraction":8,"stat.pickup.minecraft.iron_ore":14,"stat.craftItem.minecraft.furnace":1,"stat.mineBlock.midnight.midnight_dirt":16,"stat.craftItem.minecraft.stone_axe":2,"stat.damageTaken":1007,"stat.craftItem.minecraft.stone_pickaxe":2,"stat.mineBlock.minecraft.furnace":2,"stat.mineBlock.minecraft.torch":1,"stat.useItem.minecraft.wooden_pickaxe":117,"stat.pickup.minecraft.cobblestone":97,"stat.killEntity.pale_pig":1,"stat.flyOneCm":127297,"stat.pickup.minecraft.wheat_seeds":4,"stat.mineBlock.theabyss.loranflower":4,"stat.killEntity.Witch":1,"stat.drop.minecraft.wheat_seeds":1,"stat.mineBlock.minecraft.gravel":1,"stat.useItem.minecraft.stone_pickaxe":86,"stat.damageDealt":4625,"stat.pickup.minecraft.redstone":2,"stat.mineBlock.minecraft.iron_ore":14,"stat.useItem.midnight.nightstone":16,"stat.timeSinceDeath":29614,"stat.drop.minecraft.log":2,"stat.craftItem.minecraft.wooden_pickaxe":2,"stat.killEntity.Pig":23,"stat.pickup.midnight.raw_suavis":2,"stat.killEntity.midnight.rifter":1,"stat.walkOneCm":121502,"stat.mineBlock.minecraft.vine":2,"stat.pickup.minecraft.crafting_table":5,"stat.craftItem.minecraft.crafting_table":2,"stat.furnaceInteraction":20,"stat.mineBlock.minecraft.double_plant":1,"stat.useItem.minecraft.cooked_porkchop":5,"stat.mineBlock.minecraft.coal_ore":30,"stat.useItem.midnight.midnight_dirt":12,"stat.killEntity.amber_chicken":2,"stat.pickup.minecraft.log":44,"stat.pickup.minecraft.string":2,"stat.pickup.midnight.midnight_furnace":1,"stat.pickup.theabyss.abyssloranitem":6,"stat.pickup.minecraft.furnace":2,"stat.craftItem.minecraft.stone_slab2":0,"stat.drop.minecraft.sapling":1,"stat.pickup.minecraft.sapling":2,"stat.sprintOneCm":41227,"stat.mineBlock.midnight.midnight_grass":1,"stat.craftItem.minecraft.stick":20,"stat.craftItem.minecraft.planks":40,"stat.mineBlock.minecraft.crafting_table":5,"stat.pickup.midnight.midnight_dirt":14,"stat.mobKills":36,"stat.pickup.minecraft.emerald":5,"stat.mineBlock.minecraft.log":44,"stat.mineBlock.midnight.suavis":1,"stat.deaths":1,"stat.drop":18,"stat.mineBlock.minecraft.leaves":13,"stat.playOneMinute":49703,"stat.pickup.minecraft.torch":1,"stat.sneakTime":2634,"stat.craftItem.minecraft.iron_pickaxe":1,"stat.pickup.midnight.nightstone":39,"stat.mineBlock.minecraft.stone":96,"stat.mineBlock.minecraft.tallgrass":20,"stat.diveOneCm":1854}