{"stat.useItem.minecraft.bow":2,"stat.pickup.minecraft.bone":10,"stat.drop.midnight.raw_suavis":1,"stat.pickup.minecraft.redstone_torch":2,"stat.leaveGame":4,"stat.mineBlock.minecraft.cobblestone":6,"stat.pickup.minecraft.flint":1,"stat.mineBlock.charm.crate_sealed":3,"stat.swimOneCm":1238,"stat.climbOneCm":539,"stat.drop.minecraft.cobblestone":5,"stat.pickup.minecraft.cooked_porkchop":2,"stat.pickup.minecraft.glowstone_dust":3,"stat.pickup.minecraft.porkchop":60,"stat.mineBlock.midnight.nightstone":40,"stat.useItem.minecraft.stone_slab2":17,"stat.pickup.minecraft.bow":1,"stat.craftItem.minecraft.furnace":1,"stat.craftItem.minecraft.stone_axe":2,"stat.craftItem.minecraft.stone_pickaxe":2,"stat.pickup.minecraft.cobblestone":137,"stat.killEntity.pale_pig":1,"stat.flyOneCm":165766,"stat.pickup.minecraft.glass_bottle":1,"stat.mineBlock.theabyss.loranflower":4,"stat.killEntity.Witch":1,"stat.drop.minecraft.wheat_seeds":1,"stat.pickup.minecraft.redstone":2,"stat.mineBlock.minecraft.iron_ore":32,"stat.useItem.midnight.nightstone":36,"stat.timeSinceDeath":59409,"stat.drop.minecraft.log":2,"stat.useItem.minecraft.iron_pickaxe":122,"stat.pickup.minecraft.stained_hardened_clay":4,"stat.craftItem.minecraft.wooden_pickaxe":2,"stat.killEntity.midnight.rifter":1,"stat.mineBlock.minecraft.vine":2,"stat.pickup.minecraft.stonebrick":1,"stat.furnaceInteraction":21,"stat.pickup.midnight.dark_willow_slab":11,"stat.drop.minecraft.diamond_block":1,"stat.useItem.minecraft.cooked_porkchop":7,"stat.mineBlock.minecraft.coal_ore":119,"stat.pickup.midnight.ghost_plant":1,"stat.useItem.midnight.midnight_dirt":12,"stat.killEntity.amber_chicken":2,"stat.pickup.endreborn.item_end_essence":1,"stat.pickup.minecraft.string":4,"stat.pickup.midnight.midnight_furnace":1,"stat.pickup.theabyss.abyssloranitem":6,"stat.pickup.minecraft.furnace":2,"stat.craftItem.minecraft.stone_slab2":0,"stat.mineBlock.minecraft.stained_hardened_clay":3,"stat.sprintOneCm":102945,"stat.useItem.minecraft.diamond_block":1,"stat.craftItem.minecraft.stick":36,"stat.mineBlock.minecraft.crafting_table":5,"stat.pickup.midnight.midnight_dirt":14,"stat.pickup.minecraft.emerald":5,"stat.drop.midnight.nightstone":1,"stat.mineBlock.midnight.suavis":1,"stat.pickup.endreborn.catalyst":1,"stat.deaths":1,"stat.drop":25,"stat.playOneMinute":79498,"stat.craftItem.minecraft.iron_pickaxe":1,"stat.pickup.minecraft.diamond_block":4,"stat.pickup.minecraft.golden_chestplate":1,"stat.pickup.minecraft.iron_bars":3,"stat.drop.minecraft.glass_bottle":3,"stat.pickup.midnight.nightstone":104,"stat.mineBlock.minecraft.tallgrass":20,"stat.diveOneCm":1854,"stat.chestOpened":9,"stat.useItem.midnight.raw_suavis":1,"stat.pickup.minecraft.gravel":2,"stat.pickup.minecraft.arrow":6,"stat.craftItem.minecraft.cooked_porkchop":15,"stat.useItem.minecraft.porkchop":5,"stat.useItem.minecraft.potion":2,"stat.drop.minecraft.iron_pickaxe":2,"stat.drop.minecraft.cooked_porkchop":8,"stat.jump":952,"stat.pickup.minecraft.coal":188,"stat.fallOneCm":26839,"stat.mineBlock.midnight.tall_midnight_grass":1,"stat.useItem.minecraft.stone_axe":116,"stat.crouchOneCm":14144,"stat.craftItem.minecraft.iron_ingot":11,"stat.craftItem.minecraft.torch":36,"stat.pickup.minecraft.dirt":13,"stat.craftingTableInteraction":8,"stat.pickup.minecraft.iron_ore":32,"stat.mineBlock.minecraft.iron_bars":4,"stat.mineBlock.midnight.midnight_dirt":16,"stat.damageTaken":1633,"stat.mineBlock.minecraft.furnace":2,"stat.mineBlock.minecraft.torch":1,"stat.useItem.minecraft.wooden_pickaxe":117,"stat.dispenserInspected":2,"stat.mineBlock.caves_and_cliffs.copper_ore":5,"stat.pickup.minecraft.planks":1,"stat.pickup.minecraft.wheat_seeds":7,"stat.mineBlock.minecraft.gravel":2,"stat.useItem.minecraft.stone_pickaxe":137,"stat.useItem.minecraft.stone_sword":16,"stat.damageDealt":5293,"stat.pickup.theabyss.abyssicediamond":1,"stat.mineBlock.minecraft.dirt":13,"stat.killEntity.Pig":23,"stat.pickup.midnight.raw_suavis":2,"stat.pickup.minecraft.shulker_shell":1,"stat.pickup.minecraft.flint_and_steel":1,"stat.walkOneCm":232698,"stat.useItem.minecraft.torch":25,"stat.pickup.minecraft.crafting_table":5,"stat.useItem.minecraft.log":1,"stat.craftItem.minecraft.crafting_table":2,"stat.pickup.charm.totem_of_returning":1,"stat.mineBlock.minecraft.double_plant":1,"stat.pickup.minecraft.log":45,"stat.pickup.minecraft.iron_pickaxe":3,"stat.drop.minecraft.sapling":1,"stat.pickup.caves_and_cliffs.copper_ore":6,"stat.pickup.minecraft.sapling":2,"stat.useItem.minecraft.redstone_ore":1,"stat.mineBlock.midnight.midnight_grass":1,"stat.killEntity.Skeleton":3,"stat.mineBlock.minecraft.stonebrick":1,"stat.craftItem.minecraft.planks":48,"stat.mineBlock.minecraft.redstone_torch":1,"stat.mineBlock.minecraft.glowstone":1,"stat.mobKills":39,"stat.mineBlock.minecraft.log":45,"stat.mineBlock.minecraft.leaves":13,"stat.pickup.minecraft.torch":2,"stat.sneakTime":3648,"stat.mineBlock.minecraft.stone":136}