{"stat.walkOneCm":33411,"stat.craftItem.minecraft.planks":24,"stat.craftItem.minecraft.stone_axe":1,"stat.pickup.minecraft.crafting_table":2,"stat.damageTaken":110,"stat.mineBlock.minecraft.crafting_table":2,"stat.craftItem.minecraft.crafting_table":1,"stat.craftItem.minecraft.stone_pickaxe":1,"stat.useItem.minecraft.wooden_pickaxe":58,"stat.mobKills":3,"stat.pickup.minecraft.cobblestone":33,"stat.mineBlock.minecraft.coal_ore":17,"stat.mineBlock.minecraft.log":10,"stat.useItem.minecraft.porkchop":1,"stat.pickup.minecraft.log":10,"stat.pickup.minecraft.string":2,"stat.flyOneCm":19956,"stat.pickup.minecraft.wheat_seeds":1,"stat.drop":8,"stat.jump":153,"stat.mineBlock.minecraft.leaves":9,"stat.playOneMinute":15961,"stat.pickup.minecraft.coal":17,"stat.fallOneCm":4797,"stat.drop.minecraft.wheat_seeds":1,"stat.drop.minecraft.cobblestone":5,"stat.sneakTime":519,"stat.useItem.minecraft.stone_axe":3,"stat.damageDealt":308,"stat.pickup.minecraft.porkchop":1,"stat.crouchOneCm":1774,"stat.timeSinceDeath":15961,"stat.pickup.minecraft.sapling":1,"stat.sprintOneCm":5486,"stat.drop.minecraft.log":2,"stat.useItem.minecraft.stone_slab2":4,"stat.craftItem.minecraft.wooden_pickaxe":1,"stat.killEntity.Pig":1,"stat.mineBlock.minecraft.stone":33,"stat.mineBlock.minecraft.tallgrass":7,"stat.craftItem.minecraft.stick":8,"stat.killEntity.midnight.rifter":1,"stat.craftingTableInteraction":2}