{"stat.walkOneCm":51274,"stat.leaveGame":1,"stat.pickup.minecraft.crafting_table":2,"stat.craftItem.minecraft.crafting_table":1,"stat.mineBlock.minecraft.double_plant":1,"stat.mineBlock.minecraft.coal_ore":17,"stat.useItem.minecraft.porkchop":5,"stat.killEntity.amber_chicken":2,"stat.pickup.minecraft.log":19,"stat.pickup.minecraft.string":2,"stat.jump":322,"stat.swimOneCm":997,"stat.pickup.minecraft.coal":17,"stat.pickup.theabyss.abyssloranitem":6,"stat.fallOneCm":11894,"stat.climbOneCm":40,"stat.drop.minecraft.cobblestone":5,"stat.useItem.minecraft.stone_axe":39,"stat.pickup.minecraft.porkchop":7,"stat.crouchOneCm":2986,"stat.pickup.minecraft.sapling":1,"stat.sprintOneCm":16150,"stat.useItem.minecraft.stone_slab2":4,"stat.craftItem.minecraft.stick":8,"stat.craftingTableInteraction":2,"stat.craftItem.minecraft.planks":24,"stat.craftItem.minecraft.stone_axe":1,"stat.damageTaken":395,"stat.mineBlock.minecraft.crafting_table":2,"stat.craftItem.minecraft.stone_pickaxe":1,"stat.useItem.minecraft.wooden_pickaxe":58,"stat.pickup.minecraft.cobblestone":33,"stat.mobKills":10,"stat.mineBlock.minecraft.log":19,"stat.killEntity.pale_pig":1,"stat.flyOneCm":58384,"stat.deaths":1,"stat.pickup.minecraft.wheat_seeds":4,"stat.drop":8,"stat.mineBlock.theabyss.loranflower":4,"stat.mineBlock.minecraft.leaves":9,"stat.playOneMinute":22578,"stat.drop.minecraft.wheat_seeds":1,"stat.sneakTime":704,"stat.damageDealt":1280,"stat.timeSinceDeath":2489,"stat.drop.minecraft.log":2,"stat.craftItem.minecraft.wooden_pickaxe":1,"stat.killEntity.Pig":3,"stat.mineBlock.minecraft.stone":33,"stat.mineBlock.minecraft.tallgrass":15,"stat.diveOneCm":1854,"stat.killEntity.midnight.rifter":1}