{"stat.leaveGame":2,"stat.craftItem.minecraft.cooked_porkchop":10,"stat.mineBlock.minecraft.cobblestone":1,"stat.useItem.minecraft.porkchop":5,"stat.drop.minecraft.cooked_porkchop":8,"stat.jump":606,"stat.swimOneCm":1238,"stat.pickup.minecraft.coal":41,"stat.fallOneCm":18806,"stat.climbOneCm":40,"stat.mineBlock.midnight.tall_midnight_grass":1,"stat.drop.minecraft.cobblestone":5,"stat.pickup.minecraft.cooked_porkchop":2,"stat.useItem.minecraft.stone_axe":101,"stat.pickup.minecraft.porkchop":60,"stat.mineBlock.midnight.nightstone":32,"stat.crouchOneCm":5229,"stat.useItem.minecraft.stone_slab2":8,"stat.craftingTableInteraction":6,"stat.pickup.minecraft.iron_ore":14,"stat.craftItem.minecraft.furnace":1,"stat.mineBlock.midnight.midnight_dirt":15,"stat.craftItem.minecraft.stone_axe":2,"stat.damageTaken":605,"stat.craftItem.minecraft.stone_pickaxe":2,"stat.mineBlock.minecraft.furnace":1,"stat.useItem.minecraft.wooden_pickaxe":117,"stat.pickup.minecraft.cobblestone":97,"stat.killEntity.pale_pig":1,"stat.flyOneCm":122340,"stat.pickup.minecraft.wheat_seeds":4,"stat.mineBlock.theabyss.loranflower":4,"stat.killEntity.Witch":1,"stat.drop.minecraft.wheat_seeds":1,"stat.useItem.minecraft.stone_pickaxe":70,"stat.damageDealt":3899,"stat.pickup.minecraft.redstone":2,"stat.mineBlock.minecraft.iron_ore":14,"stat.timeSinceDeath":18814,"stat.drop.minecraft.log":2,"stat.craftItem.minecraft.wooden_pickaxe":2,"stat.killEntity.Pig":23,"stat.pickup.midnight.raw_suavis":2,"stat.killEntity.midnight.rifter":1,"stat.walkOneCm":92849,"stat.pickup.minecraft.crafting_table":4,"stat.craftItem.minecraft.crafting_table":2,"stat.furnaceInteraction":7,"stat.mineBlock.minecraft.double_plant":1,"stat.useItem.minecraft.cooked_porkchop":2,"stat.mineBlock.minecraft.coal_ore":30,"stat.useItem.midnight.midnight_dirt":4,"stat.killEntity.amber_chicken":2,"stat.pickup.minecraft.log":44,"stat.pickup.minecraft.string":2,"stat.pickup.midnight.midnight_furnace":1,"stat.pickup.theabyss.abyssloranitem":6,"stat.pickup.minecraft.furnace":1,"stat.craftItem.minecraft.stone_slab2":0,"stat.pickup.minecraft.sapling":2,"stat.sprintOneCm":38436,"stat.mineBlock.midnight.midnight_grass":1,"stat.craftItem.minecraft.stick":16,"stat.craftItem.minecraft.planks":40,"stat.mineBlock.minecraft.crafting_table":4,"stat.pickup.midnight.midnight_dirt":13,"stat.mobKills":33,"stat.pickup.minecraft.emerald":2,"stat.mineBlock.minecraft.log":44,"stat.mineBlock.midnight.suavis":1,"stat.deaths":1,"stat.drop":16,"stat.mineBlock.minecraft.leaves":13,"stat.playOneMinute":38903,"stat.sneakTime":1435,"stat.pickup.midnight.nightstone":32,"stat.mineBlock.minecraft.stone":96,"stat.mineBlock.minecraft.tallgrass":19,"stat.diveOneCm":1854}