{"stat.useItem.minecraft.string":1,"stat.useItem.minecraft.bow":2,"stat.drop.midnight.raw_suavis":1,"stat.leaveGame":6,"stat.drop.minecraft.gunpowder":1,"stat.killEntity.spotted_pig":1,"stat.useItem.minecraft.planks":1,"stat.pickup.minecraft.glowstone_dust":3,"stat.pickup.minecraft.porkchop":61,"stat.mineBlock.midnight.nightstone":49,"stat.mineBlock.minecraft.stone_brick_stairs":1,"stat.pickup.minecraft.sand":11,"stat.pickup.exoticbirds.eggshell":3,"stat.craftItem.minecraft.stone_axe":2,"stat.killEntity.pale_pig":1,"stat.mineBlock.minecraft.emerald_block":4,"stat.mineBlock.minecraft.sand":11,"stat.killEntity.Witch":1,"stat.drop.minecraft.sand":11,"stat.useItem.midnight.nightstone":76,"stat.pickup.theabyss.enderbow":2,"stat.useItem.minecraft.iron_pickaxe":169,"stat.pickup.minecraft.stained_hardened_clay":4,"stat.craftItem.minecraft.wooden_pickaxe":2,"stat.killEntity.midnight.rifter":1,"stat.mineBlock.minecraft.vine":2,"stat.furnaceInteraction":39,"stat.pickup.midnight.dark_willow_slab":11,"stat.drop.minecraft.diamond_block":1,"stat.pickup.endreborn.item_end_essence":1,"stat.pickup.midnight.midnight_furnace":1,"stat.pickup.minecraft.beef":38,"stat.pickup.minecraft.furnace":3,"stat.craftItem.travelersbackpack.travelers_backpack":1,"stat.mineBlock.minecraft.stained_hardened_clay":3,"stat.killEntity.exoticbirds.kiwi":1,"stat.pickup.theabyss.abyssicearmorarmorbody":1,"stat.pickup.minecraft.emerald":9,"stat.mineBlock.midnight.suavis":1,"stat.deaths":3,"stat.pickup.minecraft.egg":1,"stat.playOneMinute":197715,"stat.drop.minecraft.string":2,"stat.craftItem.minecraft.iron_pickaxe":1,"stat.pickup.minecraft.diamond_block":5,"stat.pickup.minecraft.iron_bars":5,"stat.drop.minecraft.glass_bottle":3,"stat.mineBlock.minecraft.tallgrass":40,"stat.chestOpened":29,"stat.useItem.midnight.raw_suavis":1,"stat.pickup.minecraft.arrow":6,"stat.drop.minecraft.iron_pickaxe":2,"stat.fallOneCm":67643,"stat.mineBlock.midnight.tall_midnight_grass":1,"stat.drop.charm.totem_of_returning":1,"stat.crouchOneCm":16803,"stat.craftItem.minecraft.iron_ingot":11,"stat.craftingTableInteraction":14,"stat.drop.exoticbirds.eggshell":2,"stat.useItem.minecraft.furnace":1,"stat.mineBlock.caves_and_cliffs.copper_ore":5,"stat.pickup.minecraft.planks":19,"stat.pickup.minecraft.wheat_seeds":8,"stat.mineBlock.minecraft.gravel":2,"stat.useItem.minecraft.stone_pickaxe":137,"stat.useItem.minecraft.stone_sword":19,"stat.pickup.theabyss.abyssicediamond":2,"stat.mineBlock.minecraft.dirt":14,"stat.pickup.minecraft.flint_and_steel":1,"stat.useItem.minecraft.torch":26,"stat.pickup.minecraft.crafting_table":5,"stat.useItem.minecraft.log":1,"stat.useItem.minecraft.cobblestone":14,"stat.craftItem.minecraft.crafting_table":2,"stat.mineBlock.minecraft.double_plant":2,"stat.pickup.minecraft.log":45,"stat.pickup.minecraft.iron_pickaxe":3,"stat.drop.minecraft.sapling":1,"stat.pickup.minecraft.sapling":2,"stat.useItem.exoticbirds.robin_egg":9,"stat.craftItem.minecraft.planks":48,"stat.useItem.minecraft.iron_sword":138,"stat.mineBlock.minecraft.log":45,"stat.pickup.minecraft.red_flower":3,"stat.sneakTime":4988,"stat.pickup.minecraft.yellow_flower":1,"stat.pickup.minecraft.chest":1,"stat.cakeSlicesEaten":2,"stat.pickup.minecraft.bone":10,"stat.pickup.minecraft.redstone_torch":2,"stat.useItem.minecraft.iron_axe":15,"stat.mineBlock.minecraft.cobblestone":9,"stat.pickup.minecraft.flint":1,"stat.mineBlock.minecraft.yellow_flower":1,"stat.craftItem.minecraft.wool":8,"stat.mineBlock.charm.crate_sealed":3,"stat.swimOneCm":15898,"stat.mineBlock.minecraft.diamond_block":1,"stat.climbOneCm":2295,"stat.drop.minecraft.cobblestone":5,"stat.pickup.minecraft.cooked_porkchop":13,"stat.useItem.minecraft.stone_slab2":34,"stat.pickup.minecraft.bow":1,"stat.craftItem.minecraft.furnace":1,"stat.useItem.minecraft.egg":1,"stat.craftItem.minecraft.stone_pickaxe":2,"stat.craftItem.minecraft.cooked_beef":11,"stat.pickup.minecraft.cobblestone":147,"stat.pickup.minecraft.iron_trapdoor":1,"stat.flyOneCm":408522,"stat.pickup.minecraft.glass_bottle":1,"stat.mineBlock.theabyss.loranflower":16,"stat.drop.minecraft.wheat_seeds":1,"stat.killEntity.moobloom":4,"stat.useItem.minecraft.cooked_beef":6,"stat.pickup.minecraft.redstone":2,"stat.mineBlock.minecraft.iron_ore":32,"stat.timeSinceDeath":37500,"stat.drop.minecraft.log":2,"stat.drop.exoticbirds.robin_egg":1,"stat.pickup.travelersbackpack.travelers_backpack":2,"stat.pickup.minecraft.stonebrick":4,"stat.pickup.exoticbirds.robin_egg":10,"stat.useItem.minecraft.cooked_porkchop":17,"stat.mineBlock.minecraft.coal_ore":119,"stat.pickup.midnight.ghost_plant":1,"stat.useItem.midnight.midnight_dirt":12,"stat.killEntity.amber_chicken":3,"stat.killEntity.Creeper":1,"stat.useItem.exoticbirds.crane_egg":3,"stat.pickup.minecraft.string":39,"stat.pickup.comforts.sleeping_bag":2,"stat.pickup.theabyss.abyssloranitem":22,"stat.craftItem.minecraft.stone_slab2":0,"stat.useItem.minecraft.written_book":1,"stat.sprintOneCm":231226,"stat.useItem.minecraft.diamond_block":1,"stat.mineBlock.minecraft.stone_slab":2,"stat.craftItem.minecraft.stick":36,"stat.useItem.carryon.tile_item":3,"stat.craftItem.minecraft.stone":4,"stat.mineBlock.minecraft.crafting_table":5,"stat.pickup.theabyss.abyssicearmorarmorhelmet":1,"stat.pickup.midnight.midnight_dirt":15,"stat.drop.midnight.nightstone":1,"stat.pickup.endreborn.catalyst":1,"stat.mineBlock.minecraft.planks":8,"stat.pickup.aether.wyndberry":3,"stat.drop":35,"stat.pickup.minecraft.golden_chestplate":1,"stat.killEntity.Zombie":1,"stat.craftItem.minecraft.dye":2,"stat.pickup.midnight.nightstone":110,"stat.pickup.biomesoplenty.jar_empty":3,"stat.diveOneCm":24799,"stat.pickup.theabyss.abyssicearmorarmorlegs":1,"stat.pickup.minecraft.gravel":2,"stat.craftItem.minecraft.cooked_porkchop":15,"stat.pickup.minecraft.stone_axe":1,"stat.useItem.minecraft.porkchop":5,"stat.useItem.minecraft.potion":2,"stat.drop.minecraft.cooked_porkchop":8,"stat.pickup.minecraft.stone_brick_stairs":2,"stat.craftItem.aether.aether_teleporter":1,"stat.jump":2395,"stat.pickup.minecraft.coal":190,"stat.useItem.minecraft.stone_axe":116,"stat.pickup.minecraft.gunpowder":1,"stat.pickup.minecraft.spider_eye":4,"stat.craftItem.minecraft.torch":40,"stat.pickup.minecraft.dirt":13,"stat.craftItem.comforts.sleeping_bag":1,"stat.pickup.minecraft.iron_ore":32,"stat.boatOneCm":1683,"stat.mineBlock.minecraft.iron_bars":6,"stat.mineBlock.midnight.midnight_dirt":17,"stat.damageTaken":3295,"stat.pickup.minecraft.leather":39,"stat.useItem.minecraft.stone_brick_stairs":1,"stat.mineBlock.minecraft.furnace":3,"stat.mineBlock.minecraft.torch":6,"stat.mineBlock.minecraft.red_flower":1,"stat.useItem.minecraft.wooden_pickaxe":117,"stat.dispenserInspected":3,"stat.pickup.minecraft.bed":1,"stat.pickup.minecraft.emerald_block":3,"stat.pickup.theabyss.abyssicearmorarmorboots":1,"stat.pickup.exoticbirds.birdmeat":1,"stat.damageDealt":12926,"stat.sleepInBed":4,"stat.killEntity.Cow":21,"stat.killEntity.Pig":23,"stat.pickup.midnight.raw_suavis":2,"stat.pickup.minecraft.shulker_shell":1,"stat.walkOneCm":420637,"stat.pickup.charm.totem_of_returning":1,"stat.drop.theabyss.enderbow":2,"stat.pickup.minecraft.stone":1,"stat.pickup.caves_and_cliffs.copper_ore":6,"stat.useItem.minecraft.redstone_ore":1,"stat.mineBlock.midnight.midnight_grass":1,"stat.pickup.minecraft.gold_ingot":1,"stat.killEntity.Skeleton":3,"stat.craftItem.travelersbackpack.sleeping_bag_bottom":1,"stat.mineBlock.minecraft.stonebrick":4,"stat.mineBlock.minecraft.redstone_torch":1,"stat.pickup.travelersbackpack.backpack_tank":2,"stat.mineBlock.minecraft.glowstone":1,"stat.mobKills":93,"stat.mineBlock.minecraft.leaves":22,"stat.pickup.minecraft.torch":7,"stat.mineBlock.minecraft.stone":145}