{"stat.walkOneCm":41061,"stat.leaveGame":5,"stat.craftItem.minecraft.crafting_table":1,"stat.pickup.minecraft.log":7,"stat.jump":127,"stat.fallOneCm":1522,"stat.pickup.minecraft.porkchop":12,"stat.crouchOneCm":623,"stat.pickup.minecraft.chicken":1,"stat.sprintOneCm":8303,"stat.craftItem.minecraft.planks":16,"stat.killEntity.Chicken":1,"stat.pickup.minecraft.feather":1,"stat.damageTaken":95,"stat.mobKills":9,"stat.mineBlock.minecraft.log":7,"stat.flyOneCm":10113,"stat.pickup.minecraft.wheat_seeds":2,"stat.pickup.minecraft.egg":1,"stat.mineBlock.minecraft.leaves":10,"stat.playOneMinute":7152,"stat.killEntity.Sheep":2,"stat.sneakTime":138,"stat.pickup.minecraft.wool":2,"stat.damageDealt":855,"stat.timeSinceDeath":7152,"stat.killEntity.Pig":6,"stat.mineBlock.minecraft.tallgrass":15,"stat.pickup.minecraft.mutton":3}