{"stat.walkOneCm":38173,"stat.leaveGame":4,"stat.craftItem.minecraft.crafting_table":1,"stat.pickup.minecraft.log":7,"stat.jump":110,"stat.fallOneCm":1254,"stat.pickup.minecraft.porkchop":12,"stat.crouchOneCm":623,"stat.pickup.minecraft.chicken":1,"stat.sprintOneCm":7114,"stat.craftItem.minecraft.planks":16,"stat.killEntity.Chicken":1,"stat.pickup.minecraft.feather":1,"stat.mobKills":9,"stat.mineBlock.minecraft.log":7,"stat.flyOneCm":8382,"stat.pickup.minecraft.wheat_seeds":2,"stat.pickup.minecraft.egg":1,"stat.mineBlock.minecraft.leaves":10,"stat.playOneMinute":6582,"stat.killEntity.Sheep":2,"stat.sneakTime":138,"stat.pickup.minecraft.wool":2,"stat.damageDealt":855,"stat.timeSinceDeath":6582,"stat.killEntity.Pig":6,"stat.mineBlock.minecraft.tallgrass":15,"stat.pickup.minecraft.mutton":3}